2022-03-13 16:22:59.970626736 +0700 WIB m=+0.135104121,OUT,START,printHello,hello
2022-03-13 16:31:26.872139893 +0700 WIB m=+0.128474280,OUT,START,printHello,hello
2022-03-13 16:32:40.402453214 +0700 WIB m=+0.129651120,OUT,START,printHello,hello
2022-03-13 16:33:43.934071907 +0700 WIB m=+0.128869323,OUT,START,printHello,hello
2022-03-13 16:34:11.080652159 +0700 WIB m=+0.129926920,OUT,START,printHello,hello
2022-03-13 16:36:10.527831264 +0700 WIB m=+0.141873572,OUT,START,printHello,hello
2022-03-16 21:44:26.439133318 +0700 WIB m=+0.144129592,OUT,START,printHello,hello
2022-03-16 21:56:52.785533486 +0700 WIB m=+0.150677387,OUT,START,printHello,hello
2022-03-17 06:11:38.542912278 +0700 WIB m=+0.150059285,OUT,START,printHello,hello
2022-03-17 06:19:15.075248545 +0700 WIB m=+0.148770643,OUT,START,printHello,hello
2022-03-17 06:33:52.038223355 +0700 WIB m=+0.149003394,OUT,START,printHello,hello
2022-03-17 06:38:55.091287919 +0700 WIB m=+0.227873147,OUT,START,printHello,hello
2022-03-17 07:12:52.845871718 +0700 WIB m=+0.137542156,OUT,START,printHello,hello
2022-03-17 07:18:49.463196877 +0700 WIB m=+0.170940830,OUT,START,printHello,hello
2022-03-17 07:51:09.504605698 +0700 WIB m=+0.176076116,OUT,START,printHello,hello
2022-03-17 07:56:35.751676484 +0700 WIB m=+0.135977481,OUT,START,printHello,hello
2022-03-17 09:26:46.583774917 +0700 WIB m=+0.154221924,OUT,START,printHello,hello
2022-03-17 16:02:10.290438044 +0700 WIB m=+0.152409357,OUT,START,printHello,hello
2022-03-17 16:08:35.36170465 +0700 WIB m=+0.165867831,OUT,START,printHello,hello
2022-03-17 16:19:37.581948306 +0700 WIB m=+0.153783417,OUT,START,printHello,hello
2022-03-17 16:28:43.499598952 +0700 WIB m=+0.244181941,OUT,START,printHello,hello
2022-03-17 16:46:27.597102321 +0700 WIB m=+0.151271292,OUT,START,printHello,hello
2022-03-17 16:54:02.793930655 +0700 WIB m=+0.155287870,OUT,START,printHello,hello
2022-03-17 17:12:42.340856821 +0700 WIB m=+0.154292455,OUT,START,printHello,hello
2022-03-18 05:19:44.497563209 +0700 WIB m=+0.159846984,OUT,START,printHello,hello
2022-03-18 05:55:55.565665653 +0700 WIB m=+0.154627261,OUT,START,printHello,hello
2022-03-18 06:11:45.309658554 +0700 WIB m=+0.148777317,OUT,START,printHello,hello
2022-03-18 06:20:34.640957534 +0700 WIB m=+0.147640303,OUT,START,printHello,hello
2022-03-18 06:30:01.248980673 +0700 WIB m=+0.150998055,OUT,START,printHello,hello
2022-03-18 06:40:19.37166638 +0700 WIB m=+0.190208145,OUT,START,printHello,hello
2022-03-18 06:41:42.449934602 +0700 WIB m=+0.168173388,OUT,START,printHello,hello
2022-03-18 06:47:16.533467757 +0700 WIB m=+0.141117239,OUT,START,printHello,hello
2022-03-18 06:54:51.103704706 +0700 WIB m=+0.142408218,OUT,START,printHello,hello
2022-03-18 16:20:11.190423748 +0700 WIB m=+0.149141953,OUT,START,printHello,hello
2022-03-18 16:32:58.938912315 +0700 WIB m=+0.158491658,OUT,START,printHello,hello
2022-03-18 17:18:19.469127116 +0700 WIB m=+0.153431512,OUT,START,printHello,hello
2022-03-18 18:07:26.819268559 +0700 WIB m=+0.144391083,OUT,START,printHello,hello
2022-03-18 21:00:03.758827553 +0700 WIB m=+0.145888069,OUT,START,printHello,hello
2022-03-18 21:05:12.359781631 +0700 WIB m=+0.168983472,OUT,START,printHello,hello
2022-03-18 21:12:03.415056188 +0700 WIB m=+0.186056253,OUT,START,printHello,hello
2022-03-18 22:29:49.936420411 +0700 WIB m=+0.166498677,OUT,START,printHello,hello
2022-03-18 22:41:35.643624358 +0700 WIB m=+0.144094612,OUT,START,printHello,hello
2022-03-18 22:53:40.324558297 +0700 WIB m=+0.170607775,OUT,START,printHello,hello
2022-03-18 23:06:04.52647535 +0700 WIB m=+0.177376335,OUT,START,printHello,hello
2022-03-19 04:57:20.486292168 +0700 WIB m=+0.149868855,OUT,START,printHello,hello
2022-03-19 05:07:27.659058883 +0700 WIB m=+0.155753816,OUT,START,printHello,hello
2022-03-19 05:18:27.152797758 +0700 WIB m=+0.149285789,OUT,START,printHello,hello
2022-03-19 07:45:08.233054378 +0700 WIB m=+0.231459408,OUT,START,printHello,hello
2022-03-20 08:03:55.31411006 +0700 WIB m=+0.164647696,OUT,START,printHello,hello
2022-03-20 08:13:23.568566696 +0700 WIB m=+0.143764347,OUT,START,printHello,hello
2022-03-20 08:24:59.603063695 +0700 WIB m=+0.143509029,OUT,START,printHello,hello
2022-03-20 08:36:21.584486716 +0700 WIB m=+0.144448933,OUT,START,printHello,hello
2022-03-20 12:26:49.48311009 +0700 WIB m=+0.149409265,OUT,START,printHello,hello
2022-03-20 12:58:23.886069729 +0700 WIB m=+0.155404670,OUT,START,printHello,hello
2022-03-20 13:50:52.338453901 +0700 WIB m=+0.151514624,OUT,START,printHello,hello
2022-03-20 13:52:28.807089087 +0700 WIB m=+0.162596400,OUT,START,printHello,hello
2022-03-20 14:28:39.505364827 +0700 WIB m=+0.145871026,OUT,START,printHello,hello
2022-03-20 14:35:51.387604563 +0700 WIB m=+0.153156810,OUT,START,printHello,hello
2022-03-20 15:22:16.549153228 +0700 WIB m=+0.167378331,OUT,START,printHello,hello
2022-03-20 15:25:07.59244541 +0700 WIB m=+0.152175603,OUT,START,printHello,hello
2022-03-20 15:28:30.358297461 +0700 WIB m=+0.158296085,OUT,START,printHello,hello
2022-03-20 15:33:45.077879837 +0700 WIB m=+0.156214418,OUT,START,printHello,hello
2022-03-20 15:43:44.875133908 +0700 WIB m=+0.161795942,OUT,START,printHello,hello
2022-03-20 15:52:32.357182427 +0700 WIB m=+0.155598710,OUT,START,printHello,hello
2022-03-20 15:58:49.823282681 +0700 WIB m=+0.166237095,OUT,START,printHello,hello
2022-03-20 16:18:40.938340182 +0700 WIB m=+0.172540428,OUT,START,printHello,hello
2022-03-22 06:38:13.782891596 +0700 WIB m=+0.150634312,OUT,START,printHello,hello
2022-03-22 06:44:01.105260129 +0700 WIB m=+0.165299513,OUT,START,printHello,hello
2022-03-22 07:05:58.763073089 +0700 WIB m=+0.149208119,OUT,START,printHello,hello
2022-03-22 07:49:06.936018957 +0700 WIB m=+0.146768070,OUT,START,printHello,hello
2022-03-22 07:57:22.158539295 +0700 WIB m=+0.168379804,OUT,START,printHello,hello
2022-03-22 20:13:10.864548795 +0700 WIB m=+0.184129834,OUT,START,printHello,hello
2022-03-22 20:16:07.638681761 +0700 WIB m=+0.179695753,OUT,START,printHello,hello
2022-03-22 20:29:40.466161198 +0700 WIB m=+0.147917706,OUT,START,printHello,hello
2022-03-23 18:06:48.076020328 +0700 WIB m=+0.175905242,OUT,START,printHello,hello
2022-03-24 20:29:57.2865403 +0700 WIB m=+0.178503097,OUT,START,printHello,hello
2022-03-24 20:44:37.915820499 +0700 WIB m=+0.154132077,OUT,START,printHello,hello
2022-03-24 21:06:53.108978853 +0700 WIB m=+0.197140604,OUT,START,printHello,hello
2022-03-24 22:13:35.045844058 +0700 WIB m=+0.161555533,OUT,START,printHello,hello
2022-03-26 06:36:52.651989203 +0700 WIB m=+0.280765016,OUT,START,printHello,hello
2022-03-26 06:42:03.692513652 +0700 WIB m=+0.162825168,OUT,START,printHello,hello
2022-03-26 06:59:45.376644544 +0700 WIB m=+0.177299462,OUT,START,printHello,hello
2022-03-26 07:11:35.126981394 +0700 WIB m=+0.163554936,OUT,START,printHello,hello
2022-03-26 08:19:01.749050168 +0700 WIB m=+0.164973970,OUT,START,printHello,hello
2022-03-26 08:35:56.402093502 +0700 WIB m=+0.164299723,OUT,START,printHello,hello
2022-03-27 10:52:48.456733152 +0700 WIB m=+0.155809890,OUT,START,printHello,hello
2022-03-27 11:58:08.676914537 +0700 WIB m=+0.162277185,OUT,START,printHello,hello
2022-03-27 12:37:04.017820008 +0700 WIB m=+0.162191271,OUT,START,printHello,hello
2022-03-27 12:55:24.218779513 +0700 WIB m=+0.153954038,OUT,START,printHello,hello
2022-03-27 13:29:59.556957647 +0700 WIB m=+0.172279979,OUT,START,printHello,hello
2022-03-27 14:19:27.587602291 +0700 WIB m=+0.159305639,OUT,START,printHello,hello
2022-03-27 15:50:08.345588788 +0700 WIB m=+0.163165306,OUT,START,printHello,hello
2022-03-27 16:23:54.555747437 +0700 WIB m=+0.142006349,OUT,START,printHello,hello
2022-03-27 16:25:46.704201809 +0700 WIB m=+0.144134108,OUT,START,printHello,hello
2022-03-27 16:29:06.539593855 +0700 WIB m=+0.137935095,OUT,START,printHello,hello
2022-03-27 16:50:35.964369816 +0700 WIB m=+0.138346279,OUT,START,printHello,hello
2022-03-27 16:52:01.442062084 +0700 WIB m=+0.183291981,OUT,START,printHello,hello
2022-03-27 17:18:24.691227313 +0700 WIB m=+0.141142825,OUT,START,printHello,hello
2022-04-01 09:43:45.069804129 +0700 WIB m=+0.185839723,OUT,START,printHello,hello
2022-04-01 09:45:06.974249991 +0700 WIB m=+0.159087831,OUT,START,printHello,hello
2022-04-01 09:48:50.298494772 +0700 WIB m=+0.163956834,OUT,START,printHello,hello
2022-04-01 09:49:51.755948036 +0700 WIB m=+0.138508325,OUT,START,printHello,hello
2022-04-01 16:38:40.096933063 +0700 WIB m=+0.219091616,OUT,START,printHello,hello
2022-04-01 16:41:50.248139109 +0700 WIB m=+0.150263703,OUT,START,printHello,hello
2022-04-03 09:37:25.407279112 +0700 WIB m=+0.159710901,OUT,START,printHello,hello
2022-04-03 09:55:24.73376382 +0700 WIB m=+0.138757354,OUT,START,printHello,hello
2022-04-03 10:05:44.216990931 +0700 WIB m=+0.145861740,OUT,START,printHello,hello
2022-04-05 08:09:21.095625383 +0700 WIB m=+0.141749403,OUT,START,printHello,hello
2022-04-05 08:16:47.713449563 +0700 WIB m=+0.159780388,OUT,START,printHello,hello
2022-04-06 07:35:26.822051316 +0700 WIB m=+0.183859305,OUT,START,printHello,hello
2022-04-06 07:40:33.614123532 +0700 WIB m=+0.146634006,OUT,START,printHello,hello
2022-04-06 07:42:33.938764033 +0700 WIB m=+0.174402900,OUT,START,printHello,hello
2022-04-06 07:52:31.27877985 +0700 WIB m=+0.169470908,OUT,START,printHello,hello
2022-04-06 07:57:16.649432595 +0700 WIB m=+0.276631509,OUT,START,printHello,hello
2022-04-06 15:47:22.547536599 +0700 WIB m=+0.168225228,OUT,START,printHello,hello
2022-04-07 07:06:05.982451836 +0700 WIB m=+0.143883095,OUT,START,printHello,hello
2022-04-07 07:27:07.006057191 +0700 WIB m=+0.192308097,OUT,START,printHello,hello
2022-04-07 08:00:54.24465083 +0700 WIB m=+0.158101361,OUT,START,printHello,hello
2022-04-07 16:58:45.921469416 +0700 WIB m=+0.163620739,OUT,START,printHello,hello
2022-04-07 17:25:49.330412018 +0700 WIB m=+0.296059466,OUT,START,printHello,hello
2022-04-08 07:58:29.22640575 +0700 WIB m=+0.168499694,OUT,START,printHello,hello
2022-04-09 07:29:06.79078169 +0700 WIB m=+0.170015447,OUT,START,printHello,hello
2022-04-09 07:34:58.452042818 +0700 WIB m=+0.189367490,OUT,START,printHello,hello
2022-04-17 06:03:48.640077316 +0700 WIB m=+0.166901900,OUT,START,printHello,hello
2022-04-17 06:15:47.11285281 +0700 WIB m=+0.166157353,OUT,START,printHello,hello
2022-04-17 06:44:23.084159432 +0700 WIB m=+0.200181067,OUT,START,printHello,hello
2022-04-17 08:07:35.511240778 +0700 WIB m=+0.191688587,OUT,START,printHello,hello
2022-04-17 08:18:26.530507216 +0700 WIB m=+0.250026167,OUT,START,printHello,hello
2022-04-17 08:21:42.960610042 +0700 WIB m=+0.229540485,OUT,START,printHello,hello
2022-04-17 09:08:55.548356987 +0700 WIB m=+0.198135910,OUT,START,printHello,hello
2022-04-17 09:19:36.350624312 +0700 WIB m=+0.173249882,OUT,START,printHello,hello
2022-04-17 11:19:12.267425206 +0700 WIB m=+0.168503624,OUT,START,printHello,hello
2022-04-23 10:35:32.232100595 +0700 WIB m=+0.145918084,OUT,START,printHello,hello
2022-04-23 10:37:14.303469995 +0700 WIB m=+0.145245315,OUT,START,printHello,hello
2022-04-23 10:40:46.20508868 +0700 WIB m=+0.155344366,OUT,START,printHello,hello
2022-04-23 10:53:42.611812877 +0700 WIB m=+0.141166134,OUT,START,printHello,hello
2022-04-23 11:06:15.874195978 +0700 WIB m=+0.153414207,OUT,START,printHello,hello
2022-04-23 11:14:07.664628019 +0700 WIB m=+0.145658477,OUT,START,printHello,hello
2022-04-23 11:14:56.053513418 +0700 WIB m=+0.144226560,OUT,START,printHello,hello
2022-04-23 11:18:12.632026597 +0700 WIB m=+0.147893217,OUT,START,printHello,hello
2022-04-23 11:22:07.408840565 +0700 WIB m=+0.147811347,OUT,START,printHello,hello
2022-04-23 11:24:35.146471045 +0700 WIB m=+0.159378168,OUT,START,printHello,hello
2022-04-23 11:26:42.930085945 +0700 WIB m=+0.147345053,OUT,START,printHello,hello
2022-04-23 11:27:36.076518305 +0700 WIB m=+0.213991278,OUT,START,printHello,hello
2022-04-23 11:28:36.218743138 +0700 WIB m=+0.152598997,OUT,START,printHello,hello
2022-04-23 11:29:02.419967322 +0700 WIB m=+0.149742511,OUT,START,printHello,hello
2022-04-23 11:44:53.096814467 +0700 WIB m=+0.147605081,OUT,START,printHello,hello
2022-04-23 11:45:59.405382037 +0700 WIB m=+0.148352666,OUT,START,printHello,hello
2022-04-23 11:48:53.854551257 +0700 WIB m=+0.178602759,OUT,START,printHello,hello
2022-04-23 11:51:45.402131909 +0700 WIB m=+0.149793174,OUT,START,printHello,hello
2022-04-23 12:16:36.714581861 +0700 WIB m=+0.263678650,OUT,START,printHello,hello
2022-04-23 12:19:49.681110395 +0700 WIB m=+0.145148177,OUT,START,printHello,hello
2022-04-23 12:22:22.257474741 +0700 WIB m=+0.144974633,OUT,START,printHello,hello
2022-04-23 12:24:42.451069304 +0700 WIB m=+0.148917736,OUT,START,printHello,hello
2022-04-23 12:26:55.114314676 +0700 WIB m=+0.145333614,OUT,START,printHello,hello
2022-04-23 12:27:30.624137622 +0700 WIB m=+0.149073465,OUT,START,printHello,hello
2022-04-23 12:34:38.204157829 +0700 WIB m=+0.149182600,OUT,START,printHello,hello
2022-04-23 12:36:16.94519588 +0700 WIB m=+0.219033775,OUT,START,printHello,hello
2022-04-23 12:40:18.580233346 +0700 WIB m=+0.146090657,OUT,START,printHello,hello
2022-04-23 12:57:52.875628625 +0700 WIB m=+0.148363099,OUT,START,printHello,hello
2022-04-23 13:17:49.535701148 +0700 WIB m=+0.171832738,OUT,START,printHello,hello
2022-04-24 21:56:34.011664518 +0700 WIB m=+0.148571465,OUT,START,printHello,hello
2022-04-24 22:01:55.298084348 +0700 WIB m=+0.147194692,OUT,START,printHello,hello
2022-04-24 22:13:08.253658089 +0700 WIB m=+0.151373256,OUT,START,printHello,hello
2022-04-24 22:17:03.806437366 +0700 WIB m=+0.148949992,OUT,START,printHello,hello
2022-04-24 22:33:01.602259756 +0700 WIB m=+0.142176133,OUT,START,printHello,hello
2022-04-25 07:38:41.440938825 +0700 WIB m=+0.139858853,OUT,START,printHello,hello
2022-04-25 07:46:15.278175213 +0700 WIB m=+0.137724366,OUT,START,printHello,hello
2022-04-25 08:10:02.95337381 +0700 WIB m=+0.139695654,OUT,START,printHello,hello
2022-04-25 08:14:17.700264247 +0700 WIB m=+0.139927950,OUT,START,printHello,hello
2022-04-25 08:25:49.581658715 +0700 WIB m=+0.158819336,OUT,START,printHello,hello
2022-04-25 21:48:07.721672943 +0700 WIB m=+0.258341355,OUT,START,printHello,hello
2022-04-25 21:52:50.072865312 +0700 WIB m=+0.246226957,OUT,START,printHello,hello
2022-04-25 21:56:25.26565057 +0700 WIB m=+0.142609368,OUT,START,printHello,hello
2022-04-26 08:03:41.452872694 +0700 WIB m=+0.174933018,OUT,START,printHello,hello
2022-04-26 08:05:54.341383653 +0700 WIB m=+0.224173513,OUT,START,printHello,hello
2022-04-26 08:30:55.236051363 +0700 WIB m=+0.145202050,OUT,START,printHello,hello
2022-04-30 15:07:28.19964188 +0700 WIB m=+0.179775985,OUT,START,printHello,hello
2022-05-01 15:07:27.779766071 +0700 WIB m=+0.219511151,OUT,START,printHello,hello
2022-05-01 15:52:24.040163767 +0700 WIB m=+0.143046487,OUT,START,printHello,hello
2022-05-01 17:35:14.505395129 +0700 WIB m=+0.158881855,OUT,START,printHello,hello
2022-05-06 21:54:09.28695392 +0700 WIB m=+0.154473362,OUT,START,printHello,hello
2022-05-06 22:35:34.618118512 +0700 WIB m=+0.162223811,OUT,START,printHello,hello
2022-05-06 23:14:58.804056145 +0700 WIB m=+0.321986096,OUT,START,printHello,hello
2022-05-06 23:28:16.823013114 +0700 WIB m=+0.203528087,OUT,START,printHello,hello
2022-05-07 00:08:30.327724687 +0700 WIB m=+0.429051830,OUT,START,printHello,hello
2022-05-08 15:14:53.759732699 +0700 WIB m=+0.149340386,OUT,START,printHello,hello
2022-05-08 15:18:22.441337053 +0700 WIB m=+0.144593123,OUT,START,printHello,hello
2022-05-08 18:32:07.771319434 +0700 WIB m=+0.143040654,OUT,START,printHello,hello
2022-05-08 18:39:31.827232877 +0700 WIB m=+0.199480106,OUT,START,printHello,hello
2022-05-08 18:54:37.231072869 +0700 WIB m=+0.143505589,OUT,START,printHello,hello
2022-05-08 19:13:28.576422998 +0700 WIB m=+0.167152811,OUT,START,printHello,hello
2022-05-08 19:18:37.243178885 +0700 WIB m=+0.143703109,OUT,START,printHello,hello
2022-05-08 19:23:58.94427083 +0700 WIB m=+0.142704464,OUT,START,printHello,hello
2022-05-08 19:31:20.098092674 +0700 WIB m=+0.240508255,OUT,START,printHello,hello
2022-05-08 19:35:38.854814421 +0700 WIB m=+0.162827471,OUT,START,printHello,hello
2022-05-08 19:42:35.228284675 +0700 WIB m=+0.229285473,OUT,START,printHello,hello
2022-05-08 19:55:44.359207519 +0700 WIB m=+0.325417801,OUT,START,printHello,hello
2022-05-08 20:01:24.882700506 +0700 WIB m=+0.184793108,OUT,START,printHello,hello
2022-05-09 06:14:12.976329758 +0700 WIB m=+0.185824006,OUT,START,printHello,hello
2022-05-09 06:29:11.959464358 +0700 WIB m=+0.150482420,OUT,START,printHello,hello
2022-05-09 06:36:59.367110233 +0700 WIB m=+0.143055140,OUT,START,printHello,hello
2022-05-09 06:42:48.209846523 +0700 WIB m=+0.144398025,OUT,START,printHello,hello
2022-05-09 06:52:28.592908676 +0700 WIB m=+0.208183216,OUT,START,printHello,hello
2022-05-09 09:30:54.81897043 +0700 WIB m=+0.151949815,OUT,START,printHello,hello
2022-05-10 07:53:40.66131112 +0700 WIB m=+0.253200191,OUT,START,printHello,hello
2022-05-11 07:22:01.985984218 +0700 WIB m=+0.144030679,OUT,START,printHello,hello
2022-05-11 07:56:04.014580614 +0700 WIB m=+0.159571854,OUT,START,printHello,hello
2022-05-11 08:02:30.898100305 +0700 WIB m=+0.142141578,OUT,START,printHello,hello
2022-05-11 08:14:12.770639852 +0700 WIB m=+0.155675629,OUT,START,printHello,hello
2022-05-11 20:41:27.602242534 +0700 WIB m=+0.155278896,OUT,START,printHello,hello
2022-05-11 20:54:46.155740168 +0700 WIB m=+0.204633837,OUT,START,printHello,hello
2022-05-12 05:54:12.450502977 +0700 WIB m=+0.142087278,OUT,START,printHello,hello
2022-05-12 05:59:44.885542316 +0700 WIB m=+0.138084916,OUT,START,printHello,hello
2022-05-13 22:23:50.886429719 +0700 WIB m=+0.155555887,OUT,START,printHello,hello
2022-05-13 22:38:31.935765928 +0700 WIB m=+0.235332354,OUT,START,printHello,hello
2022-05-13 23:34:52.434305965 +0700 WIB m=+0.172415951,OUT,START,printHello,hello
2022-05-13 23:54:07.723531564 +0700 WIB m=+0.173344561,OUT,START,printHello,hello
2022-05-14 07:50:04.082850278 +0700 WIB m=+0.164374453,OUT,START,printHello,hello
2022-05-14 08:38:34.705363982 +0700 WIB m=+0.146768326,OUT,START,printHello,hello
2022-05-14 08:45:15.13126334 +0700 WIB m=+0.143357787,OUT,START,printHello,hello
2022-05-14 09:59:35.654100806 +0700 WIB m=+0.242157137,OUT,START,printHello,hello
2022-05-14 10:52:49.753010559 +0700 WIB m=+0.154107331,OUT,START,printHello,hello
2022-05-14 12:21:05.748707951 +0700 WIB m=+0.163714875,OUT,START,printHello,hello
2022-05-14 12:26:44.925684236 +0700 WIB m=+0.238960955,OUT,START,printHello,hello
2022-05-14 12:36:55.646773769 +0700 WIB m=+0.225522054,OUT,START,printHello,hello
2022-05-14 14:10:38.781608737 +0700 WIB m=+0.158274524,OUT,START,printHello,hello
2022-05-14 14:47:11.943941689 +0700 WIB m=+0.174194570,OUT,START,printHello,hello
2022-05-14 15:01:34.059656272 +0700 WIB m=+0.165162628,OUT,START,printHello,hello
2022-05-16 08:42:20.336397923 +0700 WIB m=+0.180309799,OUT,START,printHello,hello
2022-05-16 09:10:19.07511587 +0700 WIB m=+0.145720950,OUT,START,printHello,hello
2022-05-18 19:51:27.919843859 +0700 WIB m=+0.274343862,OUT,START,printHello,hello
2022-05-18 20:08:40.24934338 +0700 WIB m=+0.176730507,OUT,START,printHello,hello
2022-05-18 22:47:42.125820752 +0700 WIB m=+0.175273630,OUT,START,printHello,hello
2022-05-18 23:19:41.301775594 +0700 WIB m=+0.172268808,OUT,START,printHello,hello
2022-05-18 23:48:46.911623314 +0700 WIB m=+0.151540758,OUT,START,printHello,hello
2022-05-20 08:08:01.245660523 +0700 WIB m=+0.152072285,OUT,START,printHello,hello
2022-05-20 08:54:56.251473931 +0700 WIB m=+0.186058169,OUT,START,printHello,hello
2022-05-20 09:05:55.276928643 +0700 WIB m=+0.150643359,OUT,START,printHello,hello
2022-05-20 09:09:47.514268598 +0700 WIB m=+0.149486229,OUT,START,printHello,hello
2022-05-20 09:20:05.509508448 +0700 WIB m=+0.221644039,OUT,START,printHello,hello
2022-05-20 13:52:51.188072903 +0700 WIB m=+0.153010244,OUT,START,printHello,hello
2022-05-20 15:10:24.895487663 +0700 WIB m=+0.146150718,OUT,START,printHello,hello
2022-05-20 15:14:23.722066863 +0700 WIB m=+0.145736121,OUT,START,printHello,hello
2022-05-20 21:24:50.018514041 +0700 WIB m=+0.172101731,OUT,START,printHello,hello
2022-05-20 21:29:35.430615173 +0700 WIB m=+0.143189753,OUT,START,printHello,hello
2022-05-20 21:46:59.954070201 +0700 WIB m=+0.168362196,OUT,START,printHello,hello
2022-05-21 09:07:48.598990924 +0700 WIB m=+0.158330897,OUT,START,printHello,hello
2022-05-22 07:20:35.029253368 +0700 WIB m=+0.270418688,OUT,START,printHello,hello
2022-05-28 13:04:49.374631555 +0700 WIB m=+0.161619736,OUT,START,printHello,hello
2022-05-28 13:23:04.231945756 +0700 WIB m=+0.166875755,OUT,START,printHello,hello
2022-05-28 17:54:13.293316948 +0700 WIB m=+0.155144271,OUT,START,printHello,hello
2022-05-28 18:43:31.631839821 +0700 WIB m=+0.178365945,OUT,START,printHello,hello
2022-05-28 18:53:47.893921574 +0700 WIB m=+0.198477852,OUT,START,printHello,hello
2022-05-28 19:08:55.865454177 +0700 WIB m=+0.161210363,OUT,START,printHello,hello
2022-05-28 19:46:57.12789025 +0700 WIB m=+0.238148148,OUT,START,printHello,hello
2022-05-28 20:10:33.987748717 +0700 WIB m=+0.303222939,OUT,START,printHello,hello
2022-05-28 20:36:40.048881945 +0700 WIB m=+0.213211012,OUT,START,printHello,hello
