2022-03-13 16:22:59.124808807 +0700 WIB m=+0.130170122,OUT,START,printHello,hello
2022-03-13 16:31:26.04720447 +0700 WIB m=+0.132588706,OUT,START,printHello,hello
2022-03-13 16:32:39.565318394 +0700 WIB m=+0.127448502,OUT,START,printHello,hello
2022-03-13 16:33:43.100057117 +0700 WIB m=+0.129551394,OUT,START,printHello,hello
2022-03-13 16:34:10.239870136 +0700 WIB m=+0.130733016,OUT,START,printHello,hello
2022-03-13 16:36:09.682084027 +0700 WIB m=+0.128802419,OUT,START,printHello,hello
2022-03-16 21:44:25.579193638 +0700 WIB m=+0.137043007,OUT,START,printHello,hello
2022-03-16 21:56:51.90930332 +0700 WIB m=+0.150487011,OUT,START,printHello,hello
2022-03-17 06:11:37.655703408 +0700 WIB m=+0.155378825,OUT,START,printHello,hello
2022-03-17 06:19:14.198753541 +0700 WIB m=+0.146178895,OUT,START,printHello,hello
2022-03-17 06:33:51.145642075 +0700 WIB m=+0.151452378,OUT,START,printHello,hello
2022-03-17 06:38:54.119230213 +0700 WIB m=+0.194380778,OUT,START,printHello,hello
2022-03-17 07:12:51.999518894 +0700 WIB m=+0.150910062,OUT,START,printHello,hello
2022-03-17 07:18:48.555072147 +0700 WIB m=+0.222342010,OUT,START,printHello,hello
2022-03-17 07:51:08.63134942 +0700 WIB m=+0.149034341,OUT,START,printHello,hello
2022-03-17 07:56:34.909939309 +0700 WIB m=+0.141736390,OUT,START,printHello,hello
2022-03-17 09:26:45.723555649 +0700 WIB m=+0.153257851,OUT,START,printHello,hello
2022-03-17 16:02:09.425972917 +0700 WIB m=+0.151389225,OUT,START,printHello,hello
2022-03-17 16:08:34.49456594 +0700 WIB m=+0.151842626,OUT,START,printHello,hello
2022-03-17 16:19:36.712434555 +0700 WIB m=+0.143503510,OUT,START,printHello,hello
2022-03-17 16:28:42.414665092 +0700 WIB m=+0.323297461,OUT,START,printHello,hello
2022-03-17 16:46:26.718338159 +0700 WIB m=+0.142042060,OUT,START,printHello,hello
2022-03-17 16:54:01.926360473 +0700 WIB m=+0.165000995,OUT,START,printHello,hello
2022-03-17 17:12:41.459223381 +0700 WIB m=+0.158408678,OUT,START,printHello,hello
2022-03-18 05:19:43.639348867 +0700 WIB m=+0.153237583,OUT,START,printHello,hello
2022-03-18 05:55:54.691782302 +0700 WIB m=+0.147027857,OUT,START,printHello,hello
2022-03-18 06:11:44.447571755 +0700 WIB m=+0.142403991,OUT,START,printHello,hello
2022-03-18 06:20:33.778049499 +0700 WIB m=+0.140828810,OUT,START,printHello,hello
2022-03-18 06:30:00.385812586 +0700 WIB m=+0.145638547,OUT,START,printHello,hello
2022-03-18 06:40:18.386219808 +0700 WIB m=+0.146187829,OUT,START,printHello,hello
2022-03-18 06:41:41.574821589 +0700 WIB m=+0.166762979,OUT,START,printHello,hello
2022-03-18 06:47:15.680562977 +0700 WIB m=+0.146359349,OUT,START,printHello,hello
2022-03-18 06:54:50.243178594 +0700 WIB m=+0.213182212,OUT,START,printHello,hello
2022-03-18 16:20:10.340757173 +0700 WIB m=+0.159548088,OUT,START,printHello,hello
2022-03-18 16:32:58.078684735 +0700 WIB m=+0.171234707,OUT,START,printHello,hello
2022-03-18 17:18:18.604266978 +0700 WIB m=+0.148873013,OUT,START,printHello,hello
2022-03-18 18:07:25.970599351 +0700 WIB m=+0.134378946,OUT,START,printHello,hello
2022-03-18 21:00:02.868240915 +0700 WIB m=+0.152438798,OUT,START,printHello,hello
2022-03-18 21:05:11.41835943 +0700 WIB m=+0.165726106,OUT,START,printHello,hello
2022-03-18 21:12:02.506416502 +0700 WIB m=+0.160673940,OUT,START,printHello,hello
2022-03-18 22:29:49.067385583 +0700 WIB m=+0.147655183,OUT,START,printHello,hello
2022-03-18 22:41:34.777630984 +0700 WIB m=+0.193387616,OUT,START,printHello,hello
2022-03-18 22:53:39.420240415 +0700 WIB m=+0.161728959,OUT,START,printHello,hello
2022-03-18 23:06:03.643239396 +0700 WIB m=+0.149034799,OUT,START,printHello,hello
2022-03-19 04:57:19.636764076 +0700 WIB m=+0.141393627,OUT,START,printHello,hello
2022-03-19 05:07:26.801412313 +0700 WIB m=+0.161620174,OUT,START,printHello,hello
2022-03-19 05:18:26.254918331 +0700 WIB m=+0.195109778,OUT,START,printHello,hello
2022-03-19 07:45:07.225026041 +0700 WIB m=+0.135054717,OUT,START,printHello,hello
2022-03-20 08:03:54.43917682 +0700 WIB m=+0.140758862,OUT,START,printHello,hello
2022-03-20 08:13:22.723083829 +0700 WIB m=+0.152993416,OUT,START,printHello,hello
2022-03-20 08:24:58.751054984 +0700 WIB m=+0.138320458,OUT,START,printHello,hello
2022-03-20 08:36:20.738289675 +0700 WIB m=+0.137185352,OUT,START,printHello,hello
2022-03-20 12:26:48.622615165 +0700 WIB m=+0.140578671,OUT,START,printHello,hello
2022-03-20 12:58:22.975373767 +0700 WIB m=+0.140916253,OUT,START,printHello,hello
2022-03-20 13:50:51.478534021 +0700 WIB m=+0.168757381,OUT,START,printHello,hello
2022-03-20 13:52:27.908398203 +0700 WIB m=+0.169133706,OUT,START,printHello,hello
2022-03-20 14:28:38.62251097 +0700 WIB m=+0.196126486,OUT,START,printHello,hello
2022-03-20 14:35:50.502174168 +0700 WIB m=+0.152807075,OUT,START,printHello,hello
2022-03-20 15:22:15.61490396 +0700 WIB m=+0.169886261,OUT,START,printHello,hello
2022-03-20 15:25:06.725278493 +0700 WIB m=+0.174894085,OUT,START,printHello,hello
2022-03-20 15:28:29.465951023 +0700 WIB m=+0.172903244,OUT,START,printHello,hello
2022-03-20 15:33:44.21269751 +0700 WIB m=+0.148833155,OUT,START,printHello,hello
2022-03-20 15:43:44.008393884 +0700 WIB m=+0.148408336,OUT,START,printHello,hello
2022-03-20 15:52:31.464230191 +0700 WIB m=+0.185268580,OUT,START,printHello,hello
2022-03-20 15:58:48.938461109 +0700 WIB m=+0.162733908,OUT,START,printHello,hello
2022-03-20 16:18:39.998882627 +0700 WIB m=+0.158575855,OUT,START,printHello,hello
2022-03-22 06:38:12.913884884 +0700 WIB m=+0.161648591,OUT,START,printHello,hello
2022-03-22 06:44:00.208590956 +0700 WIB m=+0.144960759,OUT,START,printHello,hello
2022-03-22 07:05:57.908605437 +0700 WIB m=+0.147769591,OUT,START,printHello,hello
2022-03-22 07:49:06.059296772 +0700 WIB m=+0.152403165,OUT,START,printHello,hello
2022-03-22 07:57:21.263029606 +0700 WIB m=+0.170101563,OUT,START,printHello,hello
2022-03-22 20:13:09.876737557 +0700 WIB m=+0.196918919,OUT,START,printHello,hello
2022-03-22 20:16:06.745679033 +0700 WIB m=+0.143197267,OUT,START,printHello,hello
2022-03-22 20:29:39.595874701 +0700 WIB m=+0.157949787,OUT,START,printHello,hello
2022-03-23 18:06:47.132646712 +0700 WIB m=+0.175325865,OUT,START,printHello,hello
2022-03-24 20:29:56.383851345 +0700 WIB m=+0.152731630,OUT,START,printHello,hello
2022-03-24 20:44:37.045267457 +0700 WIB m=+0.153070249,OUT,START,printHello,hello
2022-03-24 21:06:52.131012048 +0700 WIB m=+0.176545994,OUT,START,printHello,hello
2022-03-24 22:13:34.162369357 +0700 WIB m=+0.157216669,OUT,START,printHello,hello
2022-03-26 06:36:51.559499382 +0700 WIB m=+0.240515824,OUT,START,printHello,hello
2022-03-26 06:42:02.79806793 +0700 WIB m=+0.155799126,OUT,START,printHello,hello
2022-03-26 06:59:44.4721205 +0700 WIB m=+0.161813640,OUT,START,printHello,hello
2022-03-26 07:11:34.241563492 +0700 WIB m=+0.154808427,OUT,START,printHello,hello
2022-03-26 08:19:00.860856906 +0700 WIB m=+0.172102251,OUT,START,printHello,hello
2022-03-26 08:35:55.523245103 +0700 WIB m=+0.154856899,OUT,START,printHello,hello
2022-03-27 10:52:47.583247514 +0700 WIB m=+0.168652250,OUT,START,printHello,hello
2022-03-27 11:58:07.796021325 +0700 WIB m=+0.160245763,OUT,START,printHello,hello
2022-03-27 12:37:03.120915641 +0700 WIB m=+0.162427284,OUT,START,printHello,hello
2022-03-27 12:55:23.34675052 +0700 WIB m=+0.168365463,OUT,START,printHello,hello
2022-03-27 13:29:58.647843713 +0700 WIB m=+0.163533978,OUT,START,printHello,hello
2022-03-27 14:19:26.703425759 +0700 WIB m=+0.152280449,OUT,START,printHello,hello
2022-03-27 15:50:07.453778252 +0700 WIB m=+0.161385179,OUT,START,printHello,hello
2022-03-27 16:23:53.697597398 +0700 WIB m=+0.137104499,OUT,START,printHello,hello
2022-03-27 16:25:45.842960294 +0700 WIB m=+0.141524045,OUT,START,printHello,hello
2022-03-27 16:29:05.684071558 +0700 WIB m=+0.142729696,OUT,START,printHello,hello
2022-03-27 16:50:35.113120534 +0700 WIB m=+0.143229114,OUT,START,printHello,hello
2022-03-27 16:52:00.516351816 +0700 WIB m=+0.180165698,OUT,START,printHello,hello
2022-03-27 17:18:23.790611259 +0700 WIB m=+0.229436864,OUT,START,printHello,hello
2022-04-01 09:43:44.148544249 +0700 WIB m=+0.152648287,OUT,START,printHello,hello
2022-04-01 09:45:06.117792551 +0700 WIB m=+0.141541146,OUT,START,printHello,hello
2022-04-01 09:48:49.428924202 +0700 WIB m=+0.153532287,OUT,START,printHello,hello
2022-04-01 09:49:50.920617408 +0700 WIB m=+0.213497005,OUT,START,printHello,hello
2022-04-01 16:38:38.977059298 +0700 WIB m=+0.251065826,OUT,START,printHello,hello
2022-04-01 16:41:49.379270568 +0700 WIB m=+0.182300109,OUT,START,printHello,hello
2022-04-03 09:37:24.529060347 +0700 WIB m=+0.175597575,OUT,START,printHello,hello
2022-04-03 09:55:23.899912431 +0700 WIB m=+0.140208742,OUT,START,printHello,hello
2022-04-03 10:05:43.372248503 +0700 WIB m=+0.135862317,OUT,START,printHello,hello
2022-04-05 08:09:20.249237752 +0700 WIB m=+0.145639166,OUT,START,printHello,hello
2022-04-05 08:16:46.85663083 +0700 WIB m=+0.138199940,OUT,START,printHello,hello
2022-04-06 07:35:25.909327773 +0700 WIB m=+0.185912663,OUT,START,printHello,hello
2022-04-06 07:40:32.684978971 +0700 WIB m=+0.295269593,OUT,START,printHello,hello
2022-04-06 07:42:33.034538773 +0700 WIB m=+0.160627414,OUT,START,printHello,hello
2022-04-06 07:52:30.38435668 +0700 WIB m=+0.154860804,OUT,START,printHello,hello
2022-04-06 07:57:15.574984949 +0700 WIB m=+0.183047780,OUT,START,printHello,hello
2022-04-06 15:47:21.660292654 +0700 WIB m=+0.160771127,OUT,START,printHello,hello
2022-04-07 07:06:05.11564533 +0700 WIB m=+0.160648131,OUT,START,printHello,hello
2022-04-07 07:27:06.080034934 +0700 WIB m=+0.163337978,OUT,START,printHello,hello
2022-04-07 08:00:53.347664449 +0700 WIB m=+0.171557368,OUT,START,printHello,hello
2022-04-07 16:58:45.027244367 +0700 WIB m=+0.172076722,OUT,START,printHello,hello
2022-04-07 17:25:48.277285923 +0700 WIB m=+0.196871674,OUT,START,printHello,hello
2022-04-08 07:58:28.345232542 +0700 WIB m=+0.161043847,OUT,START,printHello,hello
2022-04-09 07:29:05.884629617 +0700 WIB m=+0.153038576,OUT,START,printHello,hello
2022-04-09 07:34:57.50389368 +0700 WIB m=+0.208650267,OUT,START,printHello,hello
2022-04-17 06:03:47.736572205 +0700 WIB m=+0.162005848,OUT,START,printHello,hello
2022-04-17 06:15:46.206985065 +0700 WIB m=+0.153050839,OUT,START,printHello,hello
2022-04-17 06:44:22.086960153 +0700 WIB m=+0.222156684,OUT,START,printHello,hello
2022-04-17 08:07:34.558201532 +0700 WIB m=+0.198586444,OUT,START,printHello,hello
2022-04-17 08:18:25.466473901 +0700 WIB m=+0.229139004,OUT,START,printHello,hello
2022-04-17 08:21:41.964541104 +0700 WIB m=+0.168214351,OUT,START,printHello,hello
2022-04-17 09:08:54.566041954 +0700 WIB m=+0.206655178,OUT,START,printHello,hello
2022-04-17 09:19:35.431068712 +0700 WIB m=+0.196508474,OUT,START,printHello,hello
2022-04-17 11:19:11.355437848 +0700 WIB m=+0.189556964,OUT,START,printHello,hello
2022-04-23 10:35:31.379264156 +0700 WIB m=+0.143422319,OUT,START,printHello,hello
2022-04-23 10:37:13.447024084 +0700 WIB m=+0.144714025,OUT,START,printHello,hello
2022-04-23 10:40:45.341270092 +0700 WIB m=+0.198354244,OUT,START,printHello,hello
2022-04-23 10:53:41.763595635 +0700 WIB m=+0.141245132,OUT,START,printHello,hello
2022-04-23 11:06:15.009486957 +0700 WIB m=+0.147696781,OUT,START,printHello,hello
2022-04-23 11:14:06.804583797 +0700 WIB m=+0.146382998,OUT,START,printHello,hello
2022-04-23 11:14:55.204602265 +0700 WIB m=+0.150789376,OUT,START,printHello,hello
2022-04-23 11:18:11.776565996 +0700 WIB m=+0.139556170,OUT,START,printHello,hello
2022-04-23 11:22:06.535145941 +0700 WIB m=+0.151958591,OUT,START,printHello,hello
2022-04-23 11:24:34.268147759 +0700 WIB m=+0.139514353,OUT,START,printHello,hello
2022-04-23 11:26:42.064249239 +0700 WIB m=+0.144315995,OUT,START,printHello,hello
2022-04-23 11:27:35.128101262 +0700 WIB m=+0.175996680,OUT,START,printHello,hello
2022-04-23 11:28:35.346460461 +0700 WIB m=+0.140101005,OUT,START,printHello,hello
2022-04-23 11:29:01.557104242 +0700 WIB m=+0.141457371,OUT,START,printHello,hello
2022-04-23 11:44:52.230456965 +0700 WIB m=+0.151691953,OUT,START,printHello,hello
2022-04-23 11:45:58.540527099 +0700 WIB m=+0.143766079,OUT,START,printHello,hello
2022-04-23 11:48:52.918932737 +0700 WIB m=+0.227540776,OUT,START,printHello,hello
2022-04-23 11:51:44.53858333 +0700 WIB m=+0.149787748,OUT,START,printHello,hello
2022-04-23 12:16:35.66641028 +0700 WIB m=+0.185423074,OUT,START,printHello,hello
2022-04-23 12:19:48.82283793 +0700 WIB m=+0.143765641,OUT,START,printHello,hello
2022-04-23 12:22:21.401794796 +0700 WIB m=+0.144563470,OUT,START,printHello,hello
2022-04-23 12:24:41.506845702 +0700 WIB m=+0.158499153,OUT,START,printHello,hello
2022-04-23 12:26:54.257283315 +0700 WIB m=+0.153142098,OUT,START,printHello,hello
2022-04-23 12:27:29.746522881 +0700 WIB m=+0.148627784,OUT,START,printHello,hello
2022-04-23 12:34:37.335973332 +0700 WIB m=+0.157512476,OUT,START,printHello,hello
2022-04-23 12:36:15.976848533 +0700 WIB m=+0.165654963,OUT,START,printHello,hello
2022-04-23 12:40:17.72086126 +0700 WIB m=+0.146659949,OUT,START,printHello,hello
2022-04-23 12:57:52.004096541 +0700 WIB m=+0.147439898,OUT,START,printHello,hello
2022-04-23 13:17:48.604307025 +0700 WIB m=+0.169998534,OUT,START,printHello,hello
2022-04-24 21:56:33.150163212 +0700 WIB m=+0.146215087,OUT,START,printHello,hello
2022-04-24 22:01:54.441563133 +0700 WIB m=+0.148202123,OUT,START,printHello,hello
2022-04-24 22:13:07.399301804 +0700 WIB m=+0.144634314,OUT,START,printHello,hello
2022-04-24 22:17:02.947418416 +0700 WIB m=+0.144252970,OUT,START,printHello,hello
2022-04-24 22:33:00.751765433 +0700 WIB m=+0.150213929,OUT,START,printHello,hello
2022-04-25 07:38:40.600002154 +0700 WIB m=+0.159054878,OUT,START,printHello,hello
2022-04-25 07:46:14.442672008 +0700 WIB m=+0.140108292,OUT,START,printHello,hello
2022-04-25 08:10:02.10819866 +0700 WIB m=+0.143837546,OUT,START,printHello,hello
2022-04-25 08:14:16.854292574 +0700 WIB m=+0.142468144,OUT,START,printHello,hello
2022-04-25 08:25:48.713640081 +0700 WIB m=+0.140793939,OUT,START,printHello,hello
2022-04-25 21:48:06.68729929 +0700 WIB m=+0.212915652,OUT,START,printHello,hello
2022-04-25 21:52:49.080335542 +0700 WIB m=+0.148873362,OUT,START,printHello,hello
2022-04-25 21:56:24.415738022 +0700 WIB m=+0.145954826,OUT,START,printHello,hello
2022-04-26 08:03:40.509649163 +0700 WIB m=+0.160824253,OUT,START,printHello,hello
2022-04-26 08:05:53.397142296 +0700 WIB m=+0.162993191,OUT,START,printHello,hello
2022-04-26 08:30:54.373810773 +0700 WIB m=+0.143889926,OUT,START,printHello,hello
2022-04-30 15:07:27.281678233 +0700 WIB m=+0.162351304,OUT,START,printHello,hello
2022-05-01 15:07:26.788684442 +0700 WIB m=+0.273730459,OUT,START,printHello,hello
2022-05-01 15:52:23.195967207 +0700 WIB m=+0.147866705,OUT,START,printHello,hello
2022-05-01 17:35:13.601103709 +0700 WIB m=+0.159899352,OUT,START,printHello,hello
2022-05-06 21:54:08.382959004 +0700 WIB m=+0.161847774,OUT,START,printHello,hello
2022-05-06 22:35:33.719856006 +0700 WIB m=+0.169134834,OUT,START,printHello,hello
2022-05-06 23:14:57.611422955 +0700 WIB m=+0.260999084,OUT,START,printHello,hello
2022-05-06 23:28:15.827822988 +0700 WIB m=+0.200867023,OUT,START,printHello,hello
2022-05-07 00:08:28.955157564 +0700 WIB m=+0.304249823,OUT,START,printHello,hello
2022-05-08 15:14:52.888048053 +0700 WIB m=+0.154824396,OUT,START,printHello,hello
2022-05-08 15:18:21.573957783 +0700 WIB m=+0.149286430,OUT,START,printHello,hello
2022-05-08 18:32:06.930046312 +0700 WIB m=+0.141638066,OUT,START,printHello,hello
2022-05-08 18:39:30.829817702 +0700 WIB m=+0.187685003,OUT,START,printHello,hello
2022-05-08 18:54:36.369333724 +0700 WIB m=+0.147265764,OUT,START,printHello,hello
2022-05-08 19:13:27.692359077 +0700 WIB m=+0.144966462,OUT,START,printHello,hello
2022-05-08 19:18:36.392419403 +0700 WIB m=+0.140826049,OUT,START,printHello,hello
2022-05-08 19:23:58.090660483 +0700 WIB m=+0.151561559,OUT,START,printHello,hello
2022-05-08 19:31:18.987615383 +0700 WIB m=+0.270764228,OUT,START,printHello,hello
2022-05-08 19:35:37.96218439 +0700 WIB m=+0.168378470,OUT,START,printHello,hello
2022-05-08 19:42:34.186922007 +0700 WIB m=+0.388822001,OUT,START,printHello,hello
2022-05-08 19:55:43.161665876 +0700 WIB m=+0.311409551,OUT,START,printHello,hello
2022-05-08 20:01:23.905561329 +0700 WIB m=+0.214669085,OUT,START,printHello,hello
2022-05-09 06:14:12.069024553 +0700 WIB m=+0.142363634,OUT,START,printHello,hello
2022-05-09 06:29:11.077204784 +0700 WIB m=+0.141003855,OUT,START,printHello,hello
2022-05-09 06:36:58.502903326 +0700 WIB m=+0.148088314,OUT,START,printHello,hello
2022-05-09 06:42:47.354526051 +0700 WIB m=+0.141387378,OUT,START,printHello,hello
2022-05-09 06:52:27.63508294 +0700 WIB m=+0.494411572,OUT,START,printHello,hello
2022-05-09 09:30:53.954348691 +0700 WIB m=+0.146364335,OUT,START,printHello,hello
2022-05-10 07:53:39.613788261 +0700 WIB m=+0.229482135,OUT,START,printHello,hello
2022-05-11 07:22:01.127459157 +0700 WIB m=+0.137672354,OUT,START,printHello,hello
2022-05-11 07:56:03.12512757 +0700 WIB m=+0.143842872,OUT,START,printHello,hello
2022-05-11 08:02:30.034430943 +0700 WIB m=+0.140083246,OUT,START,printHello,hello
2022-05-11 08:14:11.891738893 +0700 WIB m=+0.162622370,OUT,START,printHello,hello
2022-05-11 20:41:26.721649466 +0700 WIB m=+0.149769176,OUT,START,printHello,hello
2022-05-11 20:54:45.192218039 +0700 WIB m=+0.174713698,OUT,START,printHello,hello
2022-05-12 05:54:11.608451413 +0700 WIB m=+0.140464551,OUT,START,printHello,hello
2022-05-12 05:59:44.046229545 +0700 WIB m=+0.139922916,OUT,START,printHello,hello
2022-05-13 22:23:49.99759247 +0700 WIB m=+0.154333044,OUT,START,printHello,hello
2022-05-13 22:38:30.915993081 +0700 WIB m=+0.166143281,OUT,START,printHello,hello
2022-05-13 23:34:51.510928432 +0700 WIB m=+0.171126059,OUT,START,printHello,hello
2022-05-13 23:54:06.803821806 +0700 WIB m=+0.181353583,OUT,START,printHello,hello
2022-05-14 07:50:03.190185572 +0700 WIB m=+0.165673996,OUT,START,printHello,hello
2022-05-14 08:38:33.855497886 +0700 WIB m=+0.145300068,OUT,START,printHello,hello
2022-05-14 08:45:14.276017566 +0700 WIB m=+0.139773937,OUT,START,printHello,hello
2022-05-14 09:59:34.659988155 +0700 WIB m=+0.167994428,OUT,START,printHello,hello
2022-05-14 10:52:48.884966837 +0700 WIB m=+0.150983059,OUT,START,printHello,hello
2022-05-14 12:21:04.844275662 +0700 WIB m=+0.177748432,OUT,START,printHello,hello
2022-05-14 12:26:43.871563993 +0700 WIB m=+0.204163787,OUT,START,printHello,hello
2022-05-14 12:36:54.668809778 +0700 WIB m=+0.167315474,OUT,START,printHello,hello
2022-05-14 14:10:37.900281314 +0700 WIB m=+0.146996592,OUT,START,printHello,hello
2022-05-14 14:47:11.036731109 +0700 WIB m=+0.177512534,OUT,START,printHello,hello
2022-05-14 15:01:33.163913597 +0700 WIB m=+0.175003998,OUT,START,printHello,hello
2022-05-16 08:42:19.400339134 +0700 WIB m=+0.157364277,OUT,START,printHello,hello
2022-05-16 09:10:18.213273527 +0700 WIB m=+0.143390886,OUT,START,printHello,hello
2022-05-18 19:51:26.742881969 +0700 WIB m=+0.232604652,OUT,START,printHello,hello
2022-05-18 20:08:39.322413072 +0700 WIB m=+0.188813286,OUT,START,printHello,hello
2022-05-18 22:47:41.212549337 +0700 WIB m=+0.191946027,OUT,START,printHello,hello
2022-05-18 23:19:40.377807638 +0700 WIB m=+0.192532482,OUT,START,printHello,hello
2022-05-18 23:48:46.040452572 +0700 WIB m=+0.139098546,OUT,START,printHello,hello
2022-05-20 08:08:00.368158546 +0700 WIB m=+0.148076497,OUT,START,printHello,hello
2022-05-20 08:54:55.346012798 +0700 WIB m=+0.159878617,OUT,START,printHello,hello
2022-05-20 09:05:54.403919098 +0700 WIB m=+0.146898253,OUT,START,printHello,hello
2022-05-20 09:09:46.611625829 +0700 WIB m=+0.179336303,OUT,START,printHello,hello
2022-05-20 09:20:04.536540061 +0700 WIB m=+0.165680044,OUT,START,printHello,hello
2022-05-20 13:52:50.30012023 +0700 WIB m=+0.170921821,OUT,START,printHello,hello
2022-05-20 15:10:24.026197928 +0700 WIB m=+0.142823792,OUT,START,printHello,hello
2022-05-20 15:14:22.835801363 +0700 WIB m=+0.201235271,OUT,START,printHello,hello
2022-05-20 21:24:49.080854812 +0700 WIB m=+0.172503795,OUT,START,printHello,hello
2022-05-20 21:29:34.569965307 +0700 WIB m=+0.158203449,OUT,START,printHello,hello
2022-05-20 21:46:59.050693134 +0700 WIB m=+0.166594789,OUT,START,printHello,hello
2022-05-21 09:07:47.693782278 +0700 WIB m=+0.166787326,OUT,START,printHello,hello
2022-05-22 07:20:33.839860833 +0700 WIB m=+0.286603356,OUT,START,printHello,hello
2022-05-28 13:04:48.489815241 +0700 WIB m=+0.149090448,OUT,START,printHello,hello
2022-05-28 13:23:03.338292044 +0700 WIB m=+0.156248847,OUT,START,printHello,hello
2022-05-28 17:54:12.411886613 +0700 WIB m=+0.165429339,OUT,START,printHello,hello
2022-05-28 18:43:30.688095852 +0700 WIB m=+0.178147429,OUT,START,printHello,hello
2022-05-28 18:53:46.91095089 +0700 WIB m=+0.205751601,OUT,START,printHello,hello
2022-05-28 19:08:54.97637021 +0700 WIB m=+0.163294438,OUT,START,printHello,hello
2022-05-28 19:46:56.097775394 +0700 WIB m=+0.213954000,OUT,START,printHello,hello
2022-05-28 20:10:32.875448666 +0700 WIB m=+0.276009010,OUT,START,printHello,hello
2022-05-28 20:36:39.053254898 +0700 WIB m=+0.206501280,OUT,START,printHello,hello
